time,Open,High,Low,Close,Rejection
2016-08-14,1.11673,1.12035,1.11534,1.11829,
2016-08-15,1.1183,1.13226,1.11775,1.12783,
2016-08-16,1.12782,1.13158,1.12404,1.1289,
2016-08-17,1.12891,1.13664,1.12841,1.13541,
2016-08-18,1.13541,1.136,1.13042,1.13251,
2016-08-21,1.13092,1.13307,1.12711,1.13196,
2016-08-22,1.13194,1.13551,1.1303,1.13038,
2016-08-23,1.13044,1.13112,1.1245,1.1263,
2016-08-24,1.12629,1.12974,1.12591,1.12839,
2016-08-25,1.12826,1.13408,1.11803,1.11926,
2016-08-28,1.11777,1.12074,1.11577,1.11884,
2016-08-29,1.11884,1.11923,1.11319,1.1141,
2016-08-30,1.11398,1.11655,1.11232,1.11576,
2016-08-31,1.11574,1.1205,1.11274,1.11966,
2016-09-01,1.11967,1.12523,1.11506,1.11566,
2016-09-04,1.11575,1.11824,1.11394,1.11473,
2016-09-05,1.11473,1.12631,1.11409,1.12554,
2016-09-06,1.12555,1.12715,1.12289,1.1239,
2016-09-07,1.1239,1.13273,1.12346,1.12596,
2016-09-08,1.12596,1.12853,1.11986,1.12319,
2016-09-11,1.12363,1.12684,1.12104,1.12344,
2016-09-12,1.12342,1.12601,1.12039,1.12196,
2016-09-13,1.12197,1.1274,1.12105,1.12492,
2016-09-14,1.12485,1.12838,1.12189,1.12424,
2016-09-15,1.12413,1.12498,1.11494,1.11562,
2016-09-18,1.11529,1.1198,1.11511,1.11738,
2016-09-19,1.11734,1.12132,1.11498,1.11502,
2016-09-20,1.11502,1.11966,1.11232,1.11889,
2016-09-21,1.11888,1.12571,1.11847,1.1207,
2016-09-22,1.12074,1.12408,1.11941,1.12281,
2016-09-25,1.12294,1.12794,1.12212,1.12536,
2016-09-26,1.12531,1.12586,1.11907,1.12142,
2016-09-27,1.12144,1.12368,1.11817,1.12163,
2016-09-28,1.12163,1.12497,1.11968,1.12212,
2016-09-29,1.12218,1.12506,1.11533,1.12374,
2016-10-02,1.12283,1.12437,1.1205,1.12112,
2016-10-03,1.12113,1.12389,1.11382,1.1205,
2016-10-04,1.12048,1.12333,1.11896,1.12039,
2016-10-05,1.12045,1.12126,1.11398,1.11497,
2016-10-06,1.11491,1.12049,1.11044,1.12,
2016-10-09,1.11792,1.12036,1.11316,1.11378,
2016-10-10,1.11378,1.11426,1.10489,1.10539,
2016-10-11,1.10539,1.10679,1.10046,1.10074,
2016-10-12,1.10072,1.10577,1.09855,1.10557,
2016-10-13,1.1055,1.10582,1.09702,1.09721,
2016-10-16,1.09685,1.10076,1.09636,1.0998,
2016-10-17,1.09985,1.1026,1.09697,1.09801,
2016-10-18,1.09804,1.10049,1.09551,1.09735,
2016-10-19,1.09733,1.10393,1.09159,1.09292,
2016-10-20,1.0929,1.09298,1.08594,1.08808,
2016-10-23,1.08811,1.08996,1.08595,1.08809,
2016-10-24,1.08814,1.0905,1.0851,1.08883,
2016-10-25,1.08879,1.09467,1.08742,1.09077,
2016-10-26,1.09076,1.0942,1.08821,1.08947,
2016-10-27,1.08952,1.09913,1.08927,1.09845,
2016-10-31,1.09807,1.10692,1.09602,1.10555,
2016-11-01,1.10552,1.11229,1.10494,1.10945,
2016-11-02,1.10948,1.11256,1.10594,1.11038,
2016-11-03,1.11033,1.11394,1.10795,1.11384,
2016-11-06,1.10528,1.11103,1.10274,1.10402,
2016-11-07,1.10404,1.10672,1.1009,1.10244,
2016-11-08,1.10247,1.12993,1.09066,1.0909,
2016-11-09,1.09088,1.09532,1.08646,1.0889,
2016-11-10,1.08895,1.09237,1.08306,1.08602,
2016-11-13,1.08337,1.08407,1.07089,1.07371,
2016-11-14,1.07368,1.08166,1.0714,1.07223,
2016-11-15,1.07225,1.07597,1.06663,1.06908,
2016-11-16,1.06908,1.07456,1.06201,1.06252,
2016-11-17,1.06255,1.0643,1.05693,1.05887,
2016-11-20,1.05933,1.06489,1.05783,1.06272,
2016-11-21,1.06271,1.06576,1.05832,1.06252,
2016-11-22,1.06246,1.06434,1.05258,1.05519,
2016-11-23,1.05519,1.0585,1.05177,1.05516,
2016-11-24,1.05522,1.06276,1.05387,1.0591,
2016-11-27,1.06087,1.06857,1.05637,1.06141,
2016-11-28,1.06138,1.06541,1.05647,1.06491,
2016-11-29,1.06492,1.06665,1.05525,1.0587,
2016-11-30,1.0587,1.06686,1.05844,1.06621,
2016-12-01,1.06613,1.06898,1.06252,1.06714,
2016-12-04,1.06669,1.07968,1.0506,1.07643,
2016-12-05,1.07642,1.07856,1.06986,1.07177,
2016-12-06,1.07177,1.07686,1.07101,1.07525,
2016-12-07,1.0753,1.0873,1.05971,1.06129,
2016-12-08,1.06132,1.06299,1.05312,1.05574,
2016-12-11,1.05294,1.0652,1.05255,1.06337,
2016-12-12,1.06334,1.06671,1.06035,1.06235,
2016-12-13,1.06238,1.06702,1.04961,1.05333,
2016-12-14,1.05331,1.05391,1.0366,1.04126,
2016-12-15,1.04125,1.0474,1.04006,1.04512,
2016-12-18,1.04382,1.04791,1.03923,1.04008,
2016-12-19,1.0401,1.04177,1.03519,1.0386,
2016-12-20,1.03857,1.04511,1.03823,1.04225,
2016-12-21,1.04226,1.04994,1.04223,1.04341,
2016-12-22,1.04349,1.04692,1.04266,1.04556,
2016-12-26,1.04544,1.04633,1.04323,1.04546,
2016-12-27,1.04537,1.04799,1.03723,1.04103,
2016-12-28,1.04151,1.04936,1.04077,1.04868,
2016-12-29,1.04864,1.06528,1.0482,1.05179,
2017-01-01,1.05099,1.05294,1.045,1.0452,
2017-01-02,1.04527,1.04899,1.03399,1.04036,
2017-01-03,1.04045,1.04997,1.03896,1.04868,
2017-01-04,1.04852,1.06154,1.04807,1.06049,
2017-01-05,1.06045,1.06213,1.05247,1.05308,
2017-01-08,1.05284,1.0583,1.05107,1.05717,
2017-01-09,1.05723,1.0627,1.05508,1.05518,
2017-01-10,1.05527,1.06229,1.04537,1.05805,
2017-01-11,1.05811,1.0685,1.05716,1.06109,
2017-01-12,1.06113,1.06753,1.0596,1.06391,
2017-01-15,1.06033,1.06356,1.0579,1.05949,
2017-01-17,1.07121,1.07149,1.06273,1.06273,
2017-01-18,1.06286,1.06766,1.0589,1.06637,
2017-01-19,1.06642,1.07096,1.06253,1.0704,
2017-01-22,1.0701,1.07691,1.06937,1.07637,
2017-01-23,1.07635,1.07749,1.07202,1.07292,
2017-01-24,1.07302,1.07698,1.07112,1.07458,
2017-01-25,1.07457,1.07655,1.06574,1.06801,
2017-01-26,1.06823,1.07251,1.06586,1.06967,
2017-01-29,1.0718,1.07403,1.06204,1.06926,
2017-01-30,1.06927,1.08125,1.06848,1.07975,
2017-01-31,1.07975,1.08076,1.07303,1.07669,
2017-02-01,1.0767,1.08286,1.07556,1.07576,
2017-02-02,1.07578,1.07976,1.07102,1.07851,
2017-02-05,1.07876,1.07899,1.07054,1.07474,
2017-02-06,1.07494,1.07498,1.0656,1.06823,
2017-02-07,1.06831,1.0714,1.06407,1.06979,
2017-02-08,1.06978,1.07097,1.06509,1.06536,
2017-02-09,1.06542,1.0668,1.06078,1.06381,
2017-02-12,1.06263,1.06587,1.05922,1.05974,
2017-02-13,1.05972,1.06333,1.05607,1.05768,
2017-02-14,1.0576,1.06093,1.05213,1.05987,
2017-02-15,1.05992,1.06795,1.05911,1.06719,
2017-02-16,1.0672,1.06765,1.0605,1.06107,
2017-02-19,1.06053,1.06331,1.06033,1.06108,
2017-02-20,1.06107,1.06153,1.05256,1.05348,
2017-02-21,1.05354,1.05739,1.04937,1.05584,
2017-02-22,1.05586,1.05954,1.05378,1.05818,
2017-02-23,1.05813,1.06176,1.05563,1.05566,
2017-02-26,1.05614,1.06309,1.05517,1.05858,
2017-02-27,1.05858,1.063,1.0569,1.05765,
2017-02-28,1.05769,1.05893,1.05141,1.05474,
2017-03-01,1.05477,1.05517,1.0495,1.05054,
2017-03-02,1.05054,1.06238,1.05017,1.06191,
2017-03-05,1.06094,1.06398,1.05745,1.05795,
2017-03-06,1.05805,1.06025,1.05582,1.05661,
2017-03-07,1.05665,1.05745,1.05351,1.05399,
2017-03-08,1.05394,1.06154,1.05249,1.05751,
2017-03-09,1.05762,1.06992,1.05725,1.067,
2017-03-12,1.06755,1.07142,1.06521,1.06533,
2017-03-13,1.06532,1.06628,1.05998,1.06035,
2017-03-14,1.06035,1.07398,1.06031,1.07341,
2017-03-15,1.07343,1.07703,1.07057,1.07657,
2017-03-16,1.07657,1.07824,1.07274,1.07363,
2017-03-19,1.07333,1.07773,1.07252,1.07394,
2017-03-20,1.07395,1.08194,1.07193,1.081,
2017-03-21,1.08087,1.08249,1.0776,1.07967,
2017-03-22,1.07965,1.08048,1.07678,1.07826,
2017-03-23,1.07823,1.08181,1.07605,1.08043,
2017-03-26,1.08382,1.0906,1.08272,1.08644,
2017-03-27,1.08643,1.08725,1.07987,1.08106,
2017-03-28,1.08118,1.08268,1.074,1.07649,
2017-03-29,1.07651,1.07695,1.0672,1.06745,
2017-03-30,1.06745,1.07017,1.06514,1.0658,
2017-04-02,1.06574,1.0681,1.06422,1.06682,
2017-04-03,1.06688,1.0677,1.06356,1.06719,
2017-04-04,1.06729,1.06892,1.06347,1.06624,
2017-04-05,1.06625,1.06841,1.06289,1.0644,
2017-04-06,1.06439,1.06666,1.05803,1.05912,
2017-04-09,1.05873,1.06064,1.05695,1.05945,
2017-04-10,1.05945,1.06298,1.05783,1.06041,
2017-04-11,1.06045,1.06753,1.05889,1.06639,
2017-04-12,1.06636,1.06776,1.0609,1.06125,
2017-04-13,1.0613,1.063,1.06058,1.06105,
2017-04-16,1.06106,1.06703,1.06025,1.06434,
2017-04-17,1.06437,1.07361,1.0637,1.07306,
2017-04-18,1.07308,1.07371,1.06999,1.07094,
2017-04-19,1.07087,1.07773,1.07084,1.07163,
2017-04-20,1.07168,1.07381,1.06824,1.07267,
2017-04-23,1.09152,1.09196,1.08207,1.08667,
2017-04-24,1.08672,1.09502,1.08517,1.09253,
2017-04-25,1.09256,1.09511,1.0856,1.09042,
2017-04-26,1.09038,1.09329,1.08515,1.08703,
2017-04-27,1.08713,1.09473,1.08569,1.08993,
2017-04-30,1.09098,1.09237,1.08838,1.08977,
2017-05-01,1.08984,1.09333,1.08882,1.09289,
2017-05-02,1.09288,1.09372,1.0883,1.0884,
2017-05-03,1.08839,1.09871,1.08748,1.09842,
2017-05-04,1.0984,1.09991,1.09474,1.09989,
2017-05-07,1.10191,1.10219,1.09165,1.09235,
2017-05-08,1.09235,1.09335,1.08633,1.08722,
2017-05-09,1.0872,1.08983,1.08533,1.08672,
2017-05-10,1.08676,1.08932,1.08392,1.08608,
2017-05-11,1.08611,1.09342,1.08556,1.09315,
2017-05-14,1.09298,1.09894,1.09224,1.09749,
2017-05-15,1.09751,1.1097,1.09726,1.10815,
2017-05-16,1.10818,1.1162,1.10797,1.11575,
2017-05-17,1.11575,1.11721,1.10758,1.11014,
2017-05-18,1.11017,1.12118,1.10966,1.12066,
2017-05-21,1.11925,1.12634,1.11613,1.12364,
2017-05-22,1.12367,1.12684,1.1175,1.11821,
2017-05-23,1.1183,1.12201,1.11685,1.12183,
2017-05-24,1.12183,1.125,1.11934,1.12098,
2017-05-25,1.12103,1.12349,1.11608,1.11779,
2017-05-28,1.11693,1.11901,1.11616,1.11625,
2017-05-29,1.11625,1.12054,1.11094,1.11835,
2017-05-30,1.11839,1.12519,1.11642,1.12425,
2017-05-31,1.12435,1.12567,1.1202,1.12123,
2017-06-01,1.12122,1.12853,1.12052,1.12835,
2017-06-04,1.12701,1.12838,1.1234,1.12537,
2017-06-05,1.12543,1.12844,1.12405,1.12771,
2017-06-06,1.12764,1.12825,1.1204,1.12561,
2017-06-07,1.12552,1.12694,1.11949,1.12128,
2017-06-08,1.12125,1.12371,1.11665,1.11961,
2017-06-11,1.12068,1.12324,1.11922,1.12044,
2017-06-12,1.12015,1.12249,1.11852,1.12105,
2017-06-13,1.12106,1.12962,1.11933,1.12186,
2017-06-14,1.12178,1.12287,1.11322,1.11452,
2017-06-15,1.11451,1.12018,1.11387,1.11937,
2017-06-18,1.12053,1.12129,1.11433,1.11484,
2017-06-19,1.11486,1.11651,1.11189,1.11341,
2017-06-20,1.11341,1.11689,1.11272,1.11685,
2017-06-21,1.11677,1.11778,1.11393,1.11514,
2017-06-22,1.11516,1.12089,1.11453,1.11944,
2017-06-25,1.11988,1.122,1.11718,1.11818,
2017-06-26,1.11809,1.13491,1.11787,1.13378,
2017-06-27,1.13365,1.13904,1.12914,1.13764,
2017-06-28,1.13773,1.14455,1.13744,1.14398,
2017-06-29,1.14409,1.14457,1.13924,1.14198,
2017-07-02,1.14168,1.1427,1.13553,1.13644,
2017-07-03,1.13641,1.1377,1.13362,1.13446,
2017-07-04,1.13403,1.13686,1.13124,1.13515,
2017-07-05,1.13514,1.14249,1.13299,1.14233,
2017-07-06,1.14226,1.14398,1.13796,1.13998,
2017-07-09,1.13963,1.14184,1.1382,1.13995,
2017-07-10,1.13993,1.14798,1.13829,1.1467,
2017-07-11,1.14664,1.14895,1.13915,1.14117,
2017-07-12,1.14112,1.14557,1.13702,1.13972,
2017-07-13,1.13974,1.14717,1.13914,1.14673,
2017-07-16,1.14726,1.14874,1.14351,1.14784,
2017-07-17,1.14782,1.15832,1.14715,1.15532,
2017-07-18,1.15536,1.15568,1.15097,1.15154,
2017-07-19,1.1515,1.16581,1.14794,1.16311,
2017-07-20,1.16288,1.1683,1.16193,1.16635,
2017-07-23,1.16622,1.16841,1.16255,1.16404,
2017-07-24,1.16401,1.17123,1.16307,1.16469,
2017-07-25,1.16464,1.17401,1.16127,1.17334,
2017-07-26,1.17331,1.17764,1.16498,1.16753,
2017-07-27,1.16756,1.17643,1.16714,1.17508,
2017-07-30,1.17464,1.18455,1.17231,1.18402,
2017-07-31,1.18413,1.1844,1.17849,1.18019,
2017-08-01,1.18013,1.19106,1.17938,1.18561,
2017-08-02,1.18553,1.18928,1.18303,1.18681,
2017-08-03,1.18686,1.18896,1.17284,1.17713,
2017-08-06,1.17729,1.18143,1.17706,1.17956,
2017-08-07,1.17955,1.18238,1.17152,1.17535,
2017-08-08,1.17449,1.17638,1.16889,1.17581,
2017-08-09,1.17592,1.17852,1.17042,1.1773,
2017-08-10,1.17718,1.18469,1.17483,1.18226,
2017-08-13,1.18176,1.18381,1.17695,1.17802,
2017-08-14,1.17785,1.17925,1.16871,1.17342,
2017-08-15,1.17348,1.17788,1.16813,1.17668,
2017-08-16,1.17668,1.17897,1.16621,1.17233,
2017-08-17,1.17227,1.17745,1.17084,1.17613,
2017-08-20,1.17553,1.18278,1.17307,1.18144,
2017-08-21,1.18148,1.18246,1.17453,1.17618,
2017-08-22,1.17615,1.18234,1.17404,1.18066,
2017-08-23,1.1807,1.18179,1.17842,1.1799,
2017-08-24,1.17992,1.19416,1.17734,1.19206,
2017-08-27,1.19396,1.19838,1.19171,1.19788,
2017-08-28,1.19787,1.20704,1.19464,1.1973,
2017-08-29,1.19719,1.19841,1.18803,1.18837,
2017-08-30,1.18837,1.19126,1.1823,1.19086,
2017-08-31,1.19097,1.19801,1.18496,1.18635,
2017-09-03,1.18833,1.1922,1.18735,1.18928,
2017-09-04,1.1891,1.19406,1.18682,1.19128,
2017-09-05,1.19121,1.19504,1.19029,1.1917,
2017-09-06,1.19171,1.20598,1.19138,1.20211,
2017-09-07,1.20204,1.2092,1.20144,1.20295,
2017-09-10,1.20153,1.20293,1.19475,1.19526,
2017-09-11,1.19517,1.1978,1.1926,1.19663,
2017-09-12,1.19662,1.19947,1.18729,1.18858,
2017-09-13,1.18852,1.19226,1.18379,1.19185,
2017-09-14,1.1918,1.19869,1.19006,1.1947,
2017-09-17,1.19206,1.19693,1.19147,1.1954,
2017-09-18,1.19499,1.20067,1.19485,1.19946,
2017-09-19,1.1994,1.2034,1.18611,1.18942,
2017-09-20,1.18901,1.19535,1.18655,1.19409,
2017-09-21,1.19412,1.20045,1.19362,1.19477,
2017-09-24,1.18983,1.19367,1.18319,1.18492,
2017-09-25,1.18484,1.18616,1.17574,1.17935,
2017-09-26,1.17923,1.1795,1.17167,1.17443,
2017-09-27,1.17437,1.1804,1.17211,1.17866,
2017-09-28,1.17854,1.18327,1.17726,1.18167,
2017-10-01,1.17884,1.18152,1.17302,1.1732,
2017-10-02,1.17311,1.17734,1.1696,1.17445,
2017-10-03,1.17421,1.17873,1.17348,1.17597,
2017-10-04,1.17579,1.17787,1.16988,1.17094,
2017-10-05,1.17107,1.1739,1.16695,1.17344,
2017-10-08,1.17244,1.17559,1.17193,1.17409,
2017-10-10,1.18075,1.18693,1.17953,1.18613,
2017-10-11,1.18575,1.18799,1.18269,1.18304,
2017-10-12,1.18292,1.18754,1.18055,1.18208,
2017-10-15,1.181,1.18194,1.17803,1.17961,
2017-10-16,1.17958,1.17998,1.17361,1.17665,
2017-10-17,1.17653,1.18054,1.17301,1.17873,
2017-10-18,1.17861,1.1858,1.17676,1.1851,
2017-10-19,1.18504,1.18577,1.17622,1.17802,
2017-10-22,1.17642,1.1777,1.17245,1.17489,
2017-10-23,1.17478,1.17927,1.17424,1.17601,
2017-10-24,1.17592,1.18174,1.17527,1.18125,
2017-10-25,1.18118,1.18369,1.16405,1.16527,
2017-10-26,1.165,1.16573,1.15741,1.16076,
2017-10-29,1.16052,1.16581,1.1594,1.16516,
2017-10-30,1.16503,1.16611,1.16247,1.16454,
2017-10-31,1.16457,1.16575,1.16064,1.16179,
2017-11-01,1.16171,1.1687,1.16127,1.16581,
2017-11-02,1.16578,1.16912,1.15991,1.16093,
2017-11-05,1.16136,1.16237,1.158,1.16093,
2017-11-06,1.16069,1.16152,1.15537,1.15865,
2017-11-07,1.15846,1.1611,1.15789,1.15937,
2017-11-08,1.15936,1.1655,1.15856,1.16409,
2017-11-09,1.16406,1.16778,1.16226,1.16647,
2017-11-12,1.16561,1.16752,1.16374,1.16668,
2017-11-13,1.16662,1.18047,1.16612,1.17974,
2017-11-14,1.17969,1.18608,1.17848,1.1791,
2017-11-15,1.17894,1.18007,1.17563,1.17677,
2017-11-16,1.17685,1.18216,1.17651,1.17866,
2017-11-19,1.17848,1.18087,1.17223,1.1732,
2017-11-20,1.17323,1.17578,1.17129,1.17386,
2017-11-21,1.17378,1.18272,1.17322,1.18224,
2017-11-22,1.18212,1.18557,1.18129,1.18494,
2017-11-23,1.18474,1.19445,1.18369,1.19297,
2017-11-26,1.19238,1.19612,1.18956,1.1898,
2017-11-27,1.18968,1.19197,1.18267,1.18406,
2017-11-28,1.18365,1.18827,1.18164,1.18474,
2017-11-29,1.1846,1.19317,1.1809,1.19037,
2017-11-30,1.19024,1.194,1.18506,1.18981,
2017-12-03,1.18596,1.18783,1.18288,1.18654,
2017-12-04,1.18644,1.18768,1.18009,1.18261,
2017-12-05,1.18248,1.18481,1.17805,1.17956,
2017-12-06,1.17948,1.18146,1.17718,1.17723,
2017-12-07,1.1772,1.17768,1.17303,1.17718,
2017-12-10,1.17641,1.1812,1.17634,1.17692,
2017-12-11,1.17675,1.17923,1.17172,1.1741,
2017-12-12,1.17407,1.18314,1.17292,1.18259,
2017-12-13,1.18247,1.18622,1.17704,1.17761,
2017-12-14,1.17771,1.18126,1.17499,1.1751,
2017-12-17,1.17423,1.18346,1.17378,1.17819,
2017-12-18,1.17808,1.18485,1.17761,1.18403,
2017-12-19,1.18382,1.19018,1.18289,1.18714,
2017-12-20,1.187,1.18898,1.18495,1.18744,
2017-12-21,1.18721,1.18752,1.18168,1.18586,
2017-12-25,1.1864,1.18785,1.18463,1.1858,
2017-12-26,1.18579,1.191,1.18547,1.18891,
2017-12-28,1.19415,1.20252,1.19358,1.19974,
2018-01-01,1.20096,1.20814,1.20011,1.20586,
2018-01-02,1.20577,1.20661,1.20011,1.20143,
2018-01-03,1.20142,1.2089,1.20044,1.20677,
2018-01-04,1.20668,1.20827,1.20206,1.20293,
2018-01-07,1.20236,1.20524,1.19558,1.19676,
2018-01-08,1.19663,1.19757,1.19157,1.19363,
2018-01-09,1.19355,1.20179,1.19228,1.19474,
2018-01-10,1.19461,1.20586,1.19289,1.20319,
2018-01-14,1.21925,1.22968,1.21878,1.22656,
2018-01-15,1.2262,1.22835,1.21952,1.22602,
2018-01-16,1.2259,1.23233,1.21772,1.21845,
2018-01-17,1.21846,1.22654,1.21653,1.22393,
2018-01-18,1.22367,1.22955,1.22151,1.22205,
2018-01-21,1.22696,1.22723,1.22139,1.22619,
2018-01-22,1.22609,1.23063,1.22229,1.22981,
2018-01-23,1.22976,1.24147,1.22911,1.24069,
2018-01-24,1.24066,1.25375,1.23636,1.2397,
2018-01-25,1.23919,1.24937,1.23699,1.2424,
2018-01-28,1.24223,1.24323,1.23368,1.23832,
2018-01-29,1.23809,1.24539,1.23346,1.24017,
2018-01-30,1.24006,1.24745,1.23865,1.24133,
2018-01-31,1.2413,1.25228,1.23851,1.25059,
2018-02-01,1.2507,1.25179,1.24092,1.24526,
2018-02-04,1.2431,1.24749,1.23627,1.23664,
2018-02-05,1.23659,1.24349,1.23141,1.23766,
2018-02-06,1.23755,1.24062,1.22457,1.22646,
2018-02-07,1.22621,1.2295,1.22121,1.22465,
2018-02-08,1.22457,1.22874,1.22056,1.225,
2018-02-11,1.22481,1.22973,1.22349,1.22911,
2018-02-12,1.22901,1.23712,1.22848,1.23515,
2018-02-13,1.23493,1.24649,1.22755,1.24499,
2018-02-14,1.2449,1.25105,1.2448,1.25072,
2018-02-15,1.25044,1.25555,1.23932,1.24097,
2018-02-18,1.24015,1.24351,1.23689,1.24068,
2018-02-19,1.24063,1.24125,1.23198,1.23372,
2018-02-20,1.23365,1.236,1.2281,1.22829,
2018-02-21,1.22813,1.23519,1.22591,1.23312,
2018-02-22,1.23286,1.23372,1.22798,1.22964,
2018-02-25,1.22931,1.23549,1.22775,1.23171,
2018-02-26,1.23163,1.23465,1.22215,1.22332,
2018-02-27,1.22317,1.22415,1.21876,1.21936,
2018-02-28,1.21921,1.22731,1.21544,1.22675,
2018-03-01,1.22649,1.2336,1.22514,1.23218,
2018-03-04,1.23259,1.23642,1.22687,1.2336,
2018-03-05,1.23349,1.24203,1.23281,1.24051,
2018-03-06,1.24035,1.24448,1.2385,1.2411,
2018-03-07,1.24101,1.24463,1.22979,1.23117,
2018-03-08,1.23098,1.23341,1.22729,1.23049,
2018-03-11,1.23094,1.23455,1.22903,1.23352,
2018-03-12,1.23321,1.24075,1.23144,1.23907,
2018-03-13,1.23891,1.24127,1.23472,1.23676,
2018-03-14,1.23658,1.23835,1.23,1.23041,
2018-03-15,1.23034,1.23362,1.22599,1.2288,
2018-03-17,1.22802,1.2292,1.22797,1.22807,
2018-03-18,1.22804,1.23587,1.22579,1.23344,
2018-03-19,1.2334,1.23548,1.22396,1.22408,
2018-03-20,1.22413,1.23502,1.22405,1.23388,
2018-03-21,1.23371,1.23887,1.22855,1.23006,
2018-03-22,1.23012,1.23734,1.22972,1.23538,
2018-03-24,1.2347,1.23675,1.23469,1.23544,
2018-03-26,1.24428,1.24767,1.23724,1.24024,
2018-03-27,1.24014,1.24215,1.22999,1.23082,
2018-03-28,1.23067,1.23358,1.22839,1.23006,
2018-03-29,1.22993,1.23306,1.22895,1.23265,
2018-03-31,1.23207,1.23229,1.23124,1.23125,
2018-04-01,1.23207,1.23452,1.22816,1.2302,
2018-04-02,1.23004,1.23362,1.22536,1.2269,
2018-04-03,1.2269,1.23146,1.22568,1.22783,
2018-04-04,1.22768,1.22904,1.22184,1.22395,
2018-04-05,1.2239,1.2291,1.22151,1.22811,
2018-04-08,1.22854,1.23309,1.22603,1.23209,
2018-04-09,1.23199,1.23776,1.23027,1.23549,
2018-04-10,1.2355,1.23959,1.2347,1.23672,
2018-04-11,1.23665,1.23799,1.22994,1.23258,
2018-04-12,1.23254,1.23457,1.23068,1.23298,
2018-04-14,1.23252,1.2327,1.23248,1.23268,
2018-04-15,1.23322,1.23946,1.23234,1.23793,
2018-04-16,1.2379,1.2414,1.23362,1.23695,
2018-04-17,1.2369,1.23972,1.23415,1.23751,
2018-04-18,1.23731,1.24002,1.23289,1.2345,
2018-04-19,1.23448,1.23527,1.22496,1.22895,
2018-04-21,1.22735,1.22882,1.22725,1.22737,
2018-04-22,1.22734,1.22895,1.21977,1.22076,
2018-04-23,1.22076,1.22448,1.21816,1.22328,
2018-04-24,1.2232,1.22388,1.21608,1.21611,
2018-04-25,1.21602,1.22101,1.20965,1.21029,
2018-04-26,1.21029,1.21332,1.20556,1.21295,
2018-04-28,1.21234,1.21302,1.21188,1.21227,
2018-04-29,1.21232,1.21388,1.20643,1.20803,
2018-04-30,1.2077,1.20844,1.19813,1.19922,
2018-05-01,1.19921,1.20316,1.19379,1.19498,
2018-05-02,1.195,1.20086,1.19476,1.19882,
2018-05-03,1.19876,1.19952,1.19106,1.19631,
2018-05-05,1.1957,1.19643,1.19544,1.19544,
2018-05-06,1.19544,1.19782,1.18975,1.19333,
2018-05-07,1.19334,1.1939,1.18379,1.1867,
2018-05-08,1.18642,1.18969,1.18225,1.1851,
2018-05-09,1.18498,1.19466,1.18428,1.19157,
2018-05-10,1.19149,1.19681,1.18914,1.19401,
2018-05-12,1.19406,1.19556,1.19396,1.19523,
2018-05-13,1.19405,1.19959,1.19261,1.19265,
2018-05-14,1.19262,1.19387,1.18204,1.18375,
2018-05-15,1.18371,1.18541,1.17631,1.18078,
2018-05-16,1.18063,1.18377,1.17765,1.17945,
2018-05-17,1.17927,1.18222,1.17498,1.17695,
2018-05-19,1.17675,1.17749,1.17601,1.17651,
2018-05-20,1.17674,1.17974,1.17165,1.17902,
2018-05-21,1.17911,1.183,1.1757,1.17782,
2018-05-22,1.17775,1.17897,1.1676,1.16967,
2018-05-23,1.16945,1.175,1.16905,1.17197,
2018-05-24,1.17192,1.17337,1.16458,1.16516,
2018-05-26,1.16844,1.16924,1.16756,1.16858,
2018-05-27,1.16845,1.17285,1.16075,1.16243,
2018-05-28,1.16231,1.16397,1.15097,1.15375,
2018-05-29,1.1538,1.16709,1.15184,1.16649,
2018-05-30,1.16621,1.17242,1.1641,1.16926,
2018-05-31,1.169,1.17181,1.1617,1.16603,
2018-06-04,1.16971,1.17322,1.16525,1.17178,
2018-06-05,1.17163,1.17957,1.17104,1.17745,
2018-06-06,1.17733,1.18399,1.17725,1.17979,
2018-06-07,1.17977,1.18104,1.17271,1.17706,
2018-06-09,1.17739,1.17861,1.17709,1.17845,
2018-06-10,1.17736,1.18203,1.17708,1.17851,
2018-06-11,1.17813,1.1809,1.17331,1.17444,
2018-06-12,1.17443,1.18012,1.17254,1.17924,
2018-06-13,1.17904,1.18514,1.15626,1.15657,
2018-06-14,1.1565,1.1627,1.15432,1.16067,
2018-06-16,1.15862,1.16021,1.1585,1.15929,
2018-06-17,1.15862,1.16243,1.15654,1.16226,
2018-06-18,1.1622,1.16445,1.15305,1.15897,
2018-06-19,1.15872,1.16,1.15367,1.15749,
2018-06-20,1.15691,1.16334,1.15081,1.16026,
2018-06-21,1.15973,1.16748,1.15972,1.16567,
2018-06-23,1.1662,1.1673,1.16576,1.16604,
2018-06-24,1.1662,1.1713,1.16285,1.17033,
2018-06-25,1.17021,1.17201,1.16345,1.16479,
2018-06-26,1.1646,1.16724,1.15407,1.15545,
2018-06-27,1.15517,1.16008,1.15272,1.15686,
2018-06-28,1.15669,1.16903,1.1558,1.16826,
2018-06-30,1.16657,1.16884,1.16616,1.16778,
2018-07-01,1.16657,1.16882,1.15911,1.16386,
2018-07-02,1.16386,1.16731,1.16204,1.16586,
2018-07-03,1.16547,1.1682,1.16308,1.16566,
2018-07-04,1.16554,1.17202,1.165,1.1692,
2018-07-05,1.16895,1.17679,1.16801,1.17417,
2018-07-07,1.17384,1.17544,1.1736,1.17465,
2018-07-08,1.17388,1.17908,1.17327,1.175,
2018-07-09,1.17494,1.17629,1.16902,1.1728,
2018-07-10,1.17284,1.17572,1.16651,1.16748,
2018-07-11,1.16716,1.16957,1.16497,1.16702,
2018-07-12,1.16699,1.16867,1.1613,1.1686,
2018-07-14,1.16898,1.16912,1.16767,1.16786,
2018-07-15,1.16897,1.17253,1.16756,1.1711,
2018-07-16,1.17099,1.17445,1.16491,1.16609,
2018-07-17,1.16594,1.1665,1.1602,1.16397,
2018-07-18,1.16377,1.16782,1.15747,1.16419,
2018-07-19,1.16407,1.1739,1.16264,1.1721,
2018-07-21,1.1725,1.17456,1.17225,1.17404,
2018-07-22,1.17248,1.17509,1.16836,1.16913,
2018-07-23,1.16911,1.17171,1.16548,1.16818,
2018-07-24,1.16822,1.17387,1.1664,1.17284,
2018-07-25,1.17274,1.17436,1.164,1.16427,
2018-07-26,1.16424,1.16643,1.16202,1.16566,
2018-07-28,1.16561,1.16606,1.16521,1.16587,
2018-07-29,1.16565,1.17189,1.16481,1.17055,
2018-07-30,1.17035,1.17462,1.16832,1.16902,
2018-07-31,1.16899,1.16995,1.1657,1.16601,
2018-08-01,1.16587,1.16676,1.15818,1.15848,
2018-08-02,1.15841,1.16108,1.15603,1.15662,
2018-08-04,1.15666,1.15706,1.15598,1.15619,
2018-08-05,1.15663,1.15702,1.15297,1.15524,
2018-08-06,1.15531,1.16081,1.15488,1.15983,
2018-08-07,1.1598,1.16285,1.15734,1.16097,
2018-08-08,1.16095,1.16191,1.15255,1.15268,
2018-08-09,1.15255,1.15362,1.13879,1.14082,
2018-08-11,1.1372,1.14117,1.13718,1.13947,
2018-08-12,1.13708,1.14327,1.13648,1.1409,
2018-08-13,1.14094,1.14291,1.13299,1.13429,
2018-08-14,1.1343,1.13553,1.13013,1.13416,
2018-08-15,1.13444,1.14092,1.13359,1.13763,
2018-08-16,1.13759,1.1445,1.13665,1.14416,
2018-08-18,1.14369,1.14402,1.14352,1.1438,
2018-08-19,1.14369,1.14847,1.13941,1.14829,
2018-08-20,1.148,1.1601,1.14784,1.1571,
2018-08-21,1.15703,1.16231,1.15531,1.15859,
2018-08-22,1.15858,1.15909,1.15298,1.15419,
2018-08-23,1.15852,1.15908,1.15299,1.15422,
2018-08-24,1.15423,1.16402,1.1538,1.1622,
2018-08-27,1.16454,1.1694,1.15947,1.16842,
2018-08-28,1.16844,1.17337,1.16623,1.16932,
2018-08-29,1.16926,1.17105,1.16521,1.17096,1.17105
2018-08-30,1.1709,1.17185,1.16416,1.16656,
2018-08-31,1.16658,1.16912,1.15844,1.16019,
2018-09-03,1.15976,1.16279,1.15894,1.1614,
2018-09-04,1.16141,1.16142,1.15302,1.15872,1.16142
2018-09-05,1.15874,1.1641,1.15432,1.16344,
2018-09-06,1.16344,1.16594,1.16054,1.162,
2018-09-07,1.16202,1.16446,1.1614,1.16414,
