Date,Open,High,Low,Close,Volume
"Aug 12, 2018 21:00",1.13946,1.13998,1.13693,1.13792,
"Aug 11, 2018 21:00",1.1372,1.14117,1.13718,1.13947,
"Aug 09, 2018 21:00",1.15243,1.15366,1.13878,1.14085,
"Aug 08, 2018 21:00",1.16093,1.16195,1.15163,1.15241,
"Aug 07, 2018 21:00",1.15979,1.16284,1.15733,1.16093,
"Aug 06, 2018 21:00",1.15535,1.16085,1.15492,1.15987,
"Aug 05, 2018 21:00",1.15663,1.15702,1.15297,1.15524,
"Aug 04, 2018 21:00",1.15666,1.15706,1.15598,1.15619,
"Aug 02, 2018 21:00",1.15841,1.16108,1.15603,1.15662,
"Aug 01, 2018 21:00",1.16587,1.16676,1.15818,1.15848,
"Jul 31, 2018 21:00",1.16899,1.16995,1.1657,1.16601,
"Jul 30, 2018 21:00",1.17035,1.17462,1.16832,1.16902,
"Jul 29, 2018 21:00",1.16565,1.17189,1.16481,1.17055,
"Jul 28, 2018 21:00",1.16561,1.16606,1.16521,1.16587,
"Jul 26, 2018 21:00",1.16424,1.16643,1.16202,1.16566,
"Jul 25, 2018 21:00",1.17274,1.17436,1.164,1.16427,
"Jul 24, 2018 21:00",1.16822,1.17387,1.1664,1.17284,
"Jul 23, 2018 21:00",1.16911,1.17171,1.16548,1.16818,
"Jul 22, 2018 21:00",1.17248,1.17509,1.16836,1.16913,
"Jul 21, 2018 21:00",1.1725,1.17456,1.17225,1.17404,
"Jul 19, 2018 21:00",1.16407,1.1739,1.16264,1.1721,
"Jul 18, 2018 21:00",1.16377,1.16782,1.15747,1.16419,
"Jul 17, 2018 21:00",1.16594,1.1665,1.1602,1.16397,
"Jul 16, 2018 21:00",1.17099,1.17445,1.16491,1.16609,
"Jul 15, 2018 21:00",1.16897,1.17253,1.16756,1.1711,
"Jul 14, 2018 21:00",1.16898,1.16912,1.16767,1.16786,
"Jul 12, 2018 21:00",1.16699,1.16867,1.1613,1.1686,
"Jul 11, 2018 21:00",1.16716,1.16957,1.16497,1.16702,
"Jul 10, 2018 21:00",1.17284,1.17572,1.16651,1.16748,
"Jul 09, 2018 21:00",1.17494,1.17629,1.16902,1.1728,
"Jul 08, 2018 21:00",1.17388,1.17908,1.17327,1.175,
"Jul 07, 2018 21:00",1.17384,1.17544,1.1736,1.17465,
"Jul 05, 2018 21:00",1.16895,1.17679,1.16801,1.17417,
"Jul 04, 2018 21:00",1.16554,1.17202,1.165,1.1692,
"Jul 03, 2018 21:00",1.16547,1.1682,1.16308,1.16566,
"Jul 02, 2018 21:00",1.16386,1.16731,1.16204,1.16586,
"Jul 01, 2018 21:00",1.16657,1.16882,1.15911,1.16386,
"Jun 30, 2018 21:00",1.16657,1.16884,1.16616,1.16778,
"Jun 28, 2018 21:00",1.15669,1.16903,1.1558,1.16826,
"Jun 27, 2018 21:00",1.15517,1.16008,1.15272,1.15686,
"Jun 26, 2018 21:00",1.1646,1.16724,1.15407,1.15545,
"Jun 25, 2018 21:00",1.17021,1.17201,1.16345,1.16479,
"Jun 24, 2018 21:00",1.1662,1.1713,1.16285,1.17033,
"Jun 23, 2018 21:00",1.1662,1.1673,1.16576,1.16604,
"Jun 21, 2018 21:00",1.15973,1.16748,1.15972,1.16567,
"Jun 20, 2018 21:00",1.15691,1.16334,1.15081,1.16026,
"Jun 19, 2018 21:00",1.15872,1.16,1.15367,1.15749,
"Jun 18, 2018 21:00",1.1622,1.16445,1.15305,1.15897,
"Jun 17, 2018 21:00",1.15862,1.16243,1.15654,1.16226,
"Jun 16, 2018 21:00",1.15862,1.16021,1.1585,1.15929,
"Jun 14, 2018 21:00",1.1565,1.1627,1.15432,1.16067,
"Jun 13, 2018 21:00",1.17904,1.18514,1.15626,1.15657,
"Jun 12, 2018 21:00",1.17443,1.18012,1.17254,1.17924,
"Jun 11, 2018 21:00",1.17813,1.1809,1.17331,1.17444,
"Jun 10, 2018 21:00",1.17736,1.18203,1.17708,1.17851,
"Jun 09, 2018 21:00",1.17739,1.17861,1.17709,1.17845,
"Jun 07, 2018 21:00",1.17977,1.18104,1.17271,1.17706,
"Jun 06, 2018 21:00",1.17733,1.18399,1.17725,1.17979,
"Jun 05, 2018 21:00",1.17163,1.17957,1.17104,1.17745,
"Jun 04, 2018 21:00",1.16971,1.17322,1.16525,1.17178,
"Jun 03, 2018 21:00",1.16558,1.17445,1.16558,1.16956,
"Jun 02, 2018 21:00",1.16559,1.16691,1.16559,1.16673,
"May 31, 2018 21:00",1.169,1.17181,1.1617,1.16603,
"May 30, 2018 21:00",1.16621,1.17242,1.1641,1.16926,
"May 29, 2018 21:00",1.1538,1.16709,1.15184,1.16649,
"May 28, 2018 21:00",1.16231,1.16397,1.15097,1.15375,
"May 27, 2018 21:00",1.16845,1.17285,1.16075,1.16243,
"May 26, 2018 21:00",1.16844,1.16924,1.16756,1.16858,
"May 24, 2018 21:00",1.17192,1.17337,1.16458,1.16516,
"May 23, 2018 21:00",1.16945,1.175,1.16905,1.17197,
"May 22, 2018 21:00",1.17775,1.17897,1.1676,1.16967,
"May 21, 2018 21:00",1.17911,1.183,1.1757,1.17782,
"May 20, 2018 21:00",1.17674,1.17974,1.17165,1.17902,
"May 19, 2018 21:00",1.17675,1.17749,1.17601,1.17651,
"May 17, 2018 21:00",1.17927,1.18222,1.17498,1.17695,
"May 16, 2018 21:00",1.18063,1.18377,1.17765,1.17945,
"May 15, 2018 21:00",1.18371,1.18541,1.17631,1.18078,
"May 14, 2018 21:00",1.19262,1.19387,1.18204,1.18375,
"May 13, 2018 21:00",1.19405,1.19959,1.19261,1.19265,
"May 12, 2018 21:00",1.19406,1.19556,1.19396,1.19523,
"May 10, 2018 21:00",1.19149,1.19681,1.18914,1.19401,
"May 09, 2018 21:00",1.18498,1.19466,1.18428,1.19157,
"May 08, 2018 21:00",1.18642,1.18969,1.18225,1.1851,
"May 07, 2018 21:00",1.19334,1.1939,1.18379,1.1867,
"May 06, 2018 21:00",1.19544,1.19782,1.18975,1.19333,
"May 05, 2018 21:00",1.1957,1.19643,1.19544,1.19544,
"May 03, 2018 21:00",1.19876,1.19952,1.19106,1.19631,
"May 02, 2018 21:00",1.195,1.20086,1.19476,1.19882,
"May 01, 2018 21:00",1.19921,1.20316,1.19379,1.19498,
"Apr 30, 2018 21:00",1.2077,1.20844,1.19813,1.19922,
"Apr 29, 2018 21:00",1.21232,1.21388,1.20643,1.20803,
"Apr 28, 2018 21:00",1.21234,1.21302,1.21188,1.21227,
"Apr 26, 2018 21:00",1.21029,1.21332,1.20556,1.21295,
"Apr 25, 2018 21:00",1.21602,1.22101,1.20965,1.21029,
"Apr 24, 2018 21:00",1.2232,1.22388,1.21608,1.21611,
"Apr 23, 2018 21:00",1.22076,1.22448,1.21816,1.22328,
"Apr 22, 2018 21:00",1.22734,1.22895,1.21977,1.22076,
"Apr 21, 2018 21:00",1.22735,1.22882,1.22725,1.22737,
"Apr 19, 2018 21:00",1.23448,1.23527,1.22496,1.22895,
"Apr 18, 2018 21:00",1.23731,1.24002,1.23289,1.2345,
"Apr 17, 2018 21:00",1.2369,1.23972,1.23415,1.23751,
"Apr 16, 2018 21:00",1.2379,1.2414,1.23362,1.23695,
"Apr 15, 2018 21:00",1.23322,1.23946,1.23234,1.23793,
"Apr 14, 2018 21:00",1.23252,1.2327,1.23248,1.23268,
"Apr 12, 2018 21:00",1.23254,1.23457,1.23068,1.23298,
"Apr 11, 2018 21:00",1.23665,1.23799,1.22994,1.23258,
"Apr 10, 2018 21:00",1.2355,1.23959,1.2347,1.23672,
"Apr 09, 2018 21:00",1.23199,1.23776,1.23027,1.23549,
"Apr 08, 2018 21:00",1.22854,1.23309,1.22603,1.23209,
"Apr 07, 2018 21:00",1.22851,1.22851,1.22654,1.22708,
"Apr 05, 2018 21:00",1.2239,1.2291,1.22151,1.22811,
"Apr 04, 2018 21:00",1.22768,1.22904,1.22184,1.22395,
"Apr 03, 2018 21:00",1.2269,1.23146,1.22568,1.22783,
"Apr 02, 2018 21:00",1.23004,1.23362,1.22536,1.2269,
"Apr 01, 2018 21:00",1.23207,1.23452,1.22816,1.2302,
"Mar 31, 2018 21:00",1.23207,1.23229,1.23124,1.23125,
"Mar 29, 2018 21:00",1.22993,1.23306,1.22895,1.23265,
"Mar 28, 2018 21:00",1.23067,1.23358,1.22839,1.23006,
"Mar 27, 2018 21:00",1.24014,1.24215,1.22999,1.23082,
"Mar 26, 2018 21:00",1.24428,1.24767,1.23724,1.24024,
"Mar 25, 2018 21:00",1.23471,1.24617,1.23471,1.24487,
"Mar 24, 2018 21:00",1.2347,1.23675,1.23469,1.23544,
"Mar 22, 2018 21:00",1.23012,1.23734,1.22972,1.23538,
"Mar 21, 2018 21:00",1.23371,1.23887,1.22855,1.23006,
"Mar 20, 2018 21:00",1.22413,1.23502,1.22405,1.23388,
"Mar 19, 2018 21:00",1.2334,1.23548,1.22396,1.22408,
"Mar 18, 2018 21:00",1.22804,1.23587,1.22579,1.23344,
"Mar 17, 2018 21:00",1.22802,1.2292,1.22797,1.22807,
"Mar 15, 2018 21:00",1.23034,1.23362,1.22599,1.2288,
"Mar 14, 2018 21:00",1.23658,1.23835,1.23,1.23041,
"Mar 13, 2018 21:00",1.23891,1.24127,1.23472,1.23676,
"Mar 12, 2018 21:00",1.23321,1.24075,1.23144,1.23907,
"Mar 11, 2018 21:00",1.23094,1.23455,1.22903,1.23352,
"Mar 08, 2018 21:00",1.23098,1.23341,1.22729,1.23049,
"Mar 07, 2018 21:00",1.24101,1.24463,1.22979,1.23117,
"Mar 06, 2018 21:00",1.24035,1.24448,1.2385,1.2411,
"Mar 05, 2018 21:00",1.23349,1.24203,1.23281,1.24051,
"Mar 04, 2018 21:00",1.23259,1.23642,1.22687,1.2336,
"Mar 01, 2018 21:00",1.22649,1.2336,1.22514,1.23218,
